"id","created_at","name","has_test","alternate_url"
"115762536","2025-01-17T12:03:54+0300","Data Scientist",false,"https://hh.ru/vacancy/115762536"
"112763125","2025-01-17T11:19:10+0300","Младший специалист по анализу данных / Junior Data Scientist",false,"https://hh.ru/vacancy/112763125"
"115388880","2025-01-13T11:32:37+0300","Prompt-инженер",false,"https://hh.ru/vacancy/115388880"
"114020524","2025-01-13T08:03:49+0300","Junior Data Scientist/MLE",false,"https://hh.ru/vacancy/114020524"
"115777021","2025-01-17T14:39:39+0300","Data Scientist",false,"https://hh.ru/vacancy/115777021"
"115345650","2025-01-16T05:30:53+0300","Data Scientist/Аналитик по исследованию данных",false,"https://hh.ru/vacancy/115345650"
"113155326","2025-01-17T16:31:55+0300","Junior Data scientist",false,"https://hh.ru/vacancy/113155326"
"112567531","2025-01-18T07:38:35+0300","Data Scientist в области языковых моделей (Junior)",false,"https://hh.ru/vacancy/112567531"
"112388836","2025-01-17T07:32:09+0300","Junior Data Scientist (Стажер)",false,"https://hh.ru/vacancy/112388836"
"115610678","2025-01-18T13:15:22+0300","Data Scientist",false,"https://hh.ru/vacancy/115610678"
"115554759","2025-01-14T18:59:15+0300","Flutter Developer",false,"https://hh.ru/vacancy/115554759"
"115615085","2025-01-15T13:56:36+0300","Data Analyst",false,"https://hh.ru/vacancy/115615085"
"115097833","2025-01-09T01:01:02+0300","Data-scientist junior level",false,"https://hh.ru/vacancy/115097833"
"115497787","2025-01-14T11:15:01+0300","Data Scientist",false,"https://hh.ru/vacancy/115497787"
"115270774","2025-01-10T17:45:10+0300","Data Scientist в команду RecSys (middle)",false,"https://hh.ru/vacancy/115270774"
"115708681","2025-01-16T15:33:28+0300","Data Scientist (валидация моделей)",false,"https://hh.ru/vacancy/115708681"
"115362832","2025-01-13T09:19:24+0300","Data Scientist",false,"https://hh.ru/vacancy/115362832"
"111528693","2025-01-10T18:44:07+0300","Data Scientist/Analyst",false,"https://hh.ru/vacancy/111528693"
"115519059","2025-01-14T14:13:22+0300","Аналитик данных (Data scientist/дата-инженер)",false,"https://hh.ru/vacancy/115519059"
"115165793","2025-01-09T15:19:05+0300","Data Scientist",false,"https://hh.ru/vacancy/115165793"
